{
  "project_info": {
    "project_number": "829129452330",
    "project_id": "expense-sharing-abf26",
    "storage_bucket": "expense-sharing-abf26.appspot.com"
  },
  "client": [
    {
      "client_info": {
        "mobilesdk_app_id": "1:829129452330:android:0a7f5efa26bebdbf3c0c53",
        "android_client_info": {
          "package_name": "com.example.express_sharing_app"
        }
      },
      "oauth_client": [
        {
          "client_id": "829129452330-2inf5t2iedpdulp8npjsbj2rjfv07d35.apps.googleusercontent.com",
          "client_type": 1,
          "android_info": {
            "package_name": "com.example.express_sharing_app",
            "certificate_hash": "919facf311bc8932e5aa431d8e60799f9a3490c6"
          }
        },
        {
          "client_id": "829129452330-mnk1hkk2e9825s1c4anl5dgls629j3ga.apps.googleusercontent.com",
          "client_type": 3
        }
      ],
      "api_key": [
        {
          "current_key": "AIzaSyB1s1lpl6ViopGusEyI7mAI4VUGWpoIViU"
        }
      ],
      "services": {
        "appinvite_service": {
          "other_platform_oauth_client": [
            {
              "client_id": "829129452330-4p4t2v5gbbh1o0eg4t6mvad4s0k6ric2.apps.googleusercontent.com",
              "client_type": 3
            }
          ]
        }
      }
    }
  ],
  "configuration_version": "1"
}